{
    "rmse": 0.7119175357294695,
    "mae": 0.552061716534941,
    "r2": 0.24283611177722442
}