{
    "rmse": 0.6727420496689371,
    "mae": 0.5282416704036549,
    "r2": 0.30240550977956493
}